{
	"credit": "Yuushya",
	"textures": {
		"particle": "block/acacia_fence",
		"texture": "block/acacia_fence"
	},
	"elements": [
		{
			"name": "Center post",
			"from": [6.5, 0, 6.5],
			"to": [9.5, 16, 9.5],
			"faces": {
				"north": {"uv": [9, 0, 12, 16], "texture": "#texture"},
				"east": {"uv": [9, 0, 12, 16], "texture": "#texture"},
				"south": {"uv": [9, 0, 12, 16], "texture": "#texture"},
				"west": {"uv": [9, 0, 12, 16], "texture": "#texture"},
				"up": {"uv": [5, 9, 8, 12], "texture": "#texture"},
				"down": {"uv": [5, 9, 8, 12], "texture": "#texture"}
			}
		}
	]
}