{
	"credit": "Yuushya",
	"textures": {
		"particle": "block/acacia_fence",
		"texture": "block/acacia_fence"
	},
	"elements": [
		{
			"from": [7, 12.8, 0],
			"to": [9, 15.8, 8],
			"rotation": {"angle": 0, "axis": "y", "origin": [8, 17.8, 8]},
			"faces": {
				"north": {"uv": [1, 6, 4, 8], "rotation": 90, "texture": "#texture"},
				"east": {"uv": [13, 16, 16, 8], "rotation": 90, "texture": "#texture"},
				"south": {"uv": [9, 0, 11, 2], "rotation": 90, "texture": "#texture"},
				"west": {"uv": [13, 8, 16, 16], "rotation": 90, "texture": "#texture"},
				"up": {"uv": [9, 8, 11, 16], "texture": "#texture"},
				"down": {"uv": [6, 8, 8, 16], "texture": "#texture"}
			}
		},
		{
			"from": [7.5, 6, 3.5],
			"to": [8.5, 14.8, 5.5],
			"faces": {
				"north": {"uv": [8, 0, 9, 9], "texture": "#texture"},
				"east": {"uv": [14, 7, 16, 16], "texture": "#texture"},
				"south": {"uv": [8, 0, 9, 9], "texture": "#texture"},
				"west": {"uv": [14, 7, 16, 16], "texture": "#texture"},
				"up": {"uv": [8, 0, 9, 2], "texture": "#texture"},
				"down": {"uv": [8, 0, 10, 2], "texture": "#texture"}
			}
		},
		{
			"from": [7.5, 6, 0.5],
			"to": [8.5, 14.8, 2.5],
			"rotation": {"angle": 0, "axis": "y", "origin": [8, 8, 5]},
			"faces": {
				"north": {"uv": [8, 0, 9, 9], "texture": "#texture"},
				"east": {"uv": [14, 6, 16, 15], "texture": "#texture"},
				"south": {"uv": [8, 0, 9, 9], "texture": "#texture"},
				"west": {"uv": [14, 6, 16, 15], "texture": "#texture"},
				"up": {"uv": [8, 0, 9, 2], "texture": "#texture"},
				"down": {"uv": [8, 0, 10, 2], "texture": "#texture"}
			}
		},
		{
			"from": [7, 3, 0],
			"to": [9, 6, 8],
			"faces": {
				"north": {"uv": [5, 13, 8, 15], "rotation": 90, "texture": "#texture"},
				"east": {"uv": [8, 16, 5, 8], "rotation": 90, "texture": "#texture"},
				"south": {"uv": [9, 0, 11, 2], "rotation": 90, "texture": "#texture"},
				"west": {"uv": [8, 8, 5, 16], "rotation": 90, "texture": "#texture"},
				"up": {"uv": [9, 8, 11, 16], "texture": "#texture"},
				"down": {"uv": [6, 8, 8, 16], "texture": "#texture"}
			}
		}
	]
}