{
	"credit": "Yuushya",
	"parent": "block/block",
	"textures": {
		"1": "block/oriental_lantern",
		"particle": "block/oriental_lantern"
	},
	"elements": [
		{
			"from": [4, 2, 4],
			"to": [12, 13, 12],
			"faces": {
				"north": {"uv": [6, 0, 10, 5.5], "texture": "#1"},
				"east": {"uv": [6, 0, 10, 5.5], "texture": "#1"},
				"south": {"uv": [6, 0, 10, 5.5], "texture": "#1"},
				"west": {"uv": [6, 0, 10, 5.5], "texture": "#1"},
				"up": {"uv": [11, 0, 15, 4], "texture": "#1"},
				"down": {"uv": [11, 0, 15, 4], "texture": "#1"}
			}
		},
		{
			"from": [3, 13, 3],
			"to": [13, 14, 13],
			"faces": {
				"north": {"uv": [0, 0, 3, 0.5], "texture": "#1"},
				"east": {"uv": [0, 0, 3, 0.5], "texture": "#1"},
				"south": {"uv": [0, 0, 3, 0.5], "texture": "#1"},
				"west": {"uv": [0, 0, 3, 0.5], "texture": "#1"},
				"up": {"uv": [0, 0, 3, 3], "texture": "#1"},
				"down": {"uv": [0, 0, 3, 3], "texture": "#1"}
			}
		},
		{
			"from": [7, 14.4, 7],
			"to": [9, 14.8, 9],
			"faces": {
				"north": {"uv": [0, 0, 1, 0.5], "texture": "#1"},
				"east": {"uv": [0, 0, 1, 0.5], "texture": "#1"},
				"south": {"uv": [0, 0, 1, 0.5], "texture": "#1"},
				"west": {"uv": [0, 0, 1, 0.5], "texture": "#1"},
				"up": {"uv": [0, 0, 1, 0.5], "texture": "#1"},
				"down": {"uv": [0, 0, 1, 0.5], "texture": "#1"}
			}
		},
		{
			"from": [7, 0, 7],
			"to": [9, 0.4, 9],
			"faces": {
				"north": {"uv": [0, 0, 1, 0.5], "texture": "#1"},
				"east": {"uv": [0, 0, 1, 0.5], "texture": "#1"},
				"south": {"uv": [0, 0, 1, 0.5], "texture": "#1"},
				"west": {"uv": [0, 0, 1, 0.5], "texture": "#1"},
				"up": {"uv": [0, 0, 1, 0.5], "texture": "#1"},
				"down": {"uv": [0, 0, 1, 0.5], "texture": "#1"}
			}
		},
		{
			"from": [5, 1, 5],
			"to": [11, 2, 11],
			"faces": {
				"north": {"uv": [0, 0, 3, 0.5], "texture": "#1"},
				"east": {"uv": [0, 0, 3, 0.5], "texture": "#1"},
				"south": {"uv": [0, 0, 3, 0.5], "texture": "#1"},
				"west": {"uv": [0, 0, 3, 0.5], "texture": "#1"},
				"up": {"uv": [0, 0, 3, 3], "texture": "#1"},
				"down": {"uv": [0, 0, 3, 3], "texture": "#1"}
			}
		},
		{
			"from": [8, 14, 7.5],
			"to": [8, 17, 8.5],
			"faces": {
				"north": {"uv": [0, 0, 0, 3], "texture": "#missing"},
				"east": {"uv": [2.5, 0, 3, 3], "texture": "#1"},
				"south": {"uv": [0, 0, 0, 3], "texture": "#missing"},
				"west": {"uv": [2.5, 0, 3, 3], "texture": "#1"},
				"up": {"uv": [0, 0, 0, 1], "texture": "#missing"},
				"down": {"uv": [0, 0, 0, 1], "texture": "#missing"}
			}
		},
		{
			"from": [8, -5, 6.5],
			"to": [8, 1, 9.5],
			"faces": {
				"north": {"uv": [0, 0, 0, 3], "texture": "#missing"},
				"east": {"uv": [4, 0, 5.5, 3], "texture": "#1"},
				"south": {"uv": [0, 0, 0, 3], "texture": "#missing"},
				"west": {"uv": [4, 0, 5.5, 3], "texture": "#1"},
				"up": {"uv": [0, 0, 0, 1], "texture": "#missing"},
				"down": {"uv": [0, 0, 0, 1], "texture": "#missing"}
			}
		},
		{
			"from": [6.5, -5, 8],
			"to": [9.5, 1, 8],
			"rotation": {"angle": 0, "axis": "y", "origin": [8, -2, 8]},
			"faces": {
				"north": {"uv": [4, 0, 5.5, 3], "texture": "#1"},
				"east": {"uv": [0, 0, 0, 3], "texture": "#1"},
				"south": {"uv": [4, 0, 5.5, 3], "texture": "#1"},
				"west": {"uv": [0, 0, 0, 3], "texture": "#1"},
				"up": {"uv": [0, 0, 0, 1], "rotation": 90, "texture": "#1"},
				"down": {"uv": [0, 0, 0, 1], "rotation": 270, "texture": "#1"}
			}
		},
		{
			"from": [7.5, 14, 8],
			"to": [8.5, 17, 8],
			"rotation": {"angle": 0, "axis": "y", "origin": [8, 15.5, 8]},
			"faces": {
				"north": {"uv": [2.5, 0, 3, 3], "texture": "#1"},
				"east": {"uv": [0, 0, 0, 3], "texture": "#missing"},
				"south": {"uv": [2.5, 0, 3, 3], "texture": "#1"},
				"west": {"uv": [0, 0, 0, 3], "texture": "#missing"},
				"up": {"uv": [0, 0, 0, 1], "rotation": 270, "texture": "#missing"},
				"down": {"uv": [0, 0, 0, 1], "rotation": 90, "texture": "#missing"}
			}
		}
	],
	"display": {
		"thirdperson_righthand": {
			"rotation": [75, 45, 0],
			"translation": [0, 2.5, 0],
			"scale": [0.375, 0.375, 0.375]
		},
		"thirdperson_lefthand": {
			"rotation": [75, 45, 0],
			"translation": [0, 2.5, 0],
			"scale": [0.375, 0.375, 0.375]
		},
		"firstperson_righthand": {
			"rotation": [0, 45, 0],
			"scale": [0.4, 0.4, 0.4]
		},
		"firstperson_lefthand": {
			"rotation": [0, 225, 0],
			"scale": [0.4, 0.4, 0.4]
		},
		"ground": {
			"translation": [0, 3, 0],
			"scale": [0.25, 0.25, 0.25]
		},
		"gui": {
			"rotation": [30, 225, 0],
			"translation": [0, 1, 0],
			"scale": [0.625, 0.625, 0.625]
		},
		"fixed": {
			"scale": [0.5, 0.5, 0.5]
		}
	}
}